{
  "project_info": {
    "project_number": "661433369678",
    "project_id": "lostnfoundnew",
    "storage_bucket": "lostnfoundnew.appspot.com"
  },
  "client": [
    {
      "client_info": {
        "mobilesdk_app_id": "1:661433369678:android:a3a80fb505e0d2dd416f1f",
        "android_client_info": {
          "package_name": "com.example.lostnfound"
        }
      },
      "oauth_client": [
        {
          "client_id": "661433369678-entphsfavtd3a79o9ne8ij303lvb4aqf.apps.googleusercontent.com",
          "client_type": 3
        }
      ],
      "api_key": [
        {
          "current_key": "AIzaSyDaUzwXvXbuGIyqiw2ABSATKKpsng5zV7k"
        }
      ],
      "services": {
        "appinvite_service": {
          "other_platform_oauth_client": [
            {
              "client_id": "661433369678-entphsfavtd3a79o9ne8ij303lvb4aqf.apps.googleusercontent.com",
              "client_type": 3
            }
          ]
        }
      }
    }
  ],
  "configuration_version": "1"
}